,name,email,date_of_birth,mobile_no,first_name,last_name,above_18,membership_id
0,Patty Smith,Patty_Smith@ross.com,1975-08-27,59428759,Patty,Smith,True,smithb51a3
1,Sean Wang DDS,Sean_Wang@gibson-calderon.com,1960-11-03,25595367,Sean,Wang,True,wang15e50
2,Richard Estrada,Richard_Estrada@malone.com,1992-10-15,22821527,Richard,Estrada,True,estrada1346b
3,Jackson Cline,Jackson_Cline@hudson.net,1971-01-21,48056519,Jackson,Cline,True,clinef29ff
4,Allen Williams,Allen_Williams@sanchez.net,1997-09-11,77991519,Allen,Williams,True,williamsbf104
5,Eric Flores,Eric_Flores@dillon-patterson.com,1982-07-01,36641663,Eric,Flores,True,flores41e31
6,Anna Richardson,Anna_Richardson@perry.com,1967-02-23,64083047,Anna,Richardson,True,richardsoncb7d2
7,Taylor Gomez,Taylor_Gomez@johnston.com,1982-10-22,24007567,Taylor,Gomez,True,gomez0dfa1
8,Jeremy Rodriguez,Jeremy_Rodriguez@roth.com,1978-08-28,32567967,Jeremy,Rodriguez,True,rodriguez9fc14
9,April Garcia,April_Garcia@hall.com,1987-12-31,24650447,April,Garcia,True,garcia02ff7
10,Sharon Garza,Sharon_Garza@duran.com,2002-08-30,59411567,Sharon,Garza,True,garza126fd
11,Lori Sanchez,Lori_Sanchez@hardin-warner.net,1998-04-20,76989167,Lori,Sanchez,True,sanchez366bd
12,Jason Armstrong,Jason_Armstrong@curtis.com,1992-11-16,68514503,Jason,Armstrong,True,armstrong98afe
13,Jessica Allison,Jessica_Allison@harper.com,1972-10-30,66821135,Jessica,Allison,True,allison768b2
14,Arthur Hall MD,Arthur_Hall@gonzalez.com,1994-11-03,65493407,Arthur,Hall,True,hall53340
15,Sherry Meza,Sherry_Meza@west.com,1997-09-04,33491119,Sherry,Meza,True,meza4a49b
16,Matthew Turner,Matthew_Turner@martinez.com,1994-07-07,73291455,Matthew,Turner,True,turner35709
17,Sophia Randolph,Sophia_Randolph@leonard-ramirez.com,1950-07-08,94510479,Sophia,Randolph,True,randolphcc208
18,Dr. Samuel Thompson,Samuel_Thompson@sanchez-carroll.com,1984-04-03,99063183,Samuel,Thompson,True,thompson3c1d5
19,Zachary Lee,Zachary_Lee@smith.com,1987-04-07,36447751,Zachary,Lee,True,lee8d071
20,Kara Pittman,Kara_Pittman@gomez-vaughn.com,1968-05-25,80502567,Kara,Pittman,True,pittman91be9
21,Gabriella Anthony,Gabriella_Anthony@castro.com,1997-06-01,89108943,Gabriella,Anthony,True,anthonybe0be
22,Misty Cantrell,Misty_Cantrell@flores-decker.com,1957-03-03,79619831,Misty,Cantrell,True,cantrelld059f
23,Kelly Guerrero,Kelly_Guerrero@riggs.com,1997-03-02,53052583,Kelly,Guerrero,True,guerreroe9947
24,David Nichols,David_Nichols@rocha.com,1962-08-19,62269575,David,Nichols,True,nichols5707e
25,Shawn Galloway,Shawn_Galloway@johnston.com,1985-04-19,17471367,Shawn,Galloway,True,gallowaycaefd
26,Dennis Sanford,Dennis_Sanford@lopez-archer.com,1980-06-08,88084407,Dennis,Sanford,True,sanford9e1e7
27,Amanda Murphy,Amanda_Murphy@bright-gibbs.net,2000-07-30,30501351,Amanda,Murphy,True,murphy4f6d6
28,Bobby Martin,Bobby_Martin@jackson.com,2000-03-31,43871143,Bobby,Martin,True,martinb3594
29,Vernon Bishop,Vernon_Bishop@clark-larson.com,1973-10-07,78396487,Vernon,Bishop,True,bishop0de88
30,Phillip Meyers,Phillip_Meyers@mcneil-williams.com,1960-10-22,95409119,Phillip,Meyers,True,meyers48425
31,Robert Martin,Robert_Martin@crawford.com,1950-07-18,78547615,Robert,Martin,True,martined532
32,William Taylor,William_Taylor@warner-morgan.net,1986-01-31,42996791,William,Taylor,True,taylor626d6
33,Michael Brady,Michael_Brady@wells-sanders.com,1950-03-23,65342263,Michael,Brady,True,brady89857
34,James Rhodes,James_Rhodes@green.com,1977-10-10,27465295,James,Rhodes,True,rhodes48d04
35,Ryan Ramirez,Ryan_Ramirez@pham.com,1985-04-25,67907071,Ryan,Ramirez,True,ramirez30729
36,Stephen Thompson,Stephen_Thompson@hess.com,1951-12-11,75033031,Stephen,Thompson,True,thompson85c53
37,Susan Williams,Susan_Williams@rowland.com,1976-05-12,95688383,Susan,Williams,True,williams2b3ed
38,Dylan Johnson,Dylan_Johnson@montgomery.com,1996-07-01,52048815,Dylan,Johnson,True,johnson79fd1
39,Pamela King,Pamela_King@soto.net,1993-09-29,72515095,Pamela,King,True,king31f2f
40,Robert Smith,Robert_Smith@joyce.com,1987-04-24,76366335,Robert,Smith,True,smitha9cea
41,Samantha Gonzalez,Samantha_Gonzalez@rios-fletcher.com,1998-08-29,40456647,Samantha,Gonzalez,True,gonzalez57e91
42,Jeffery Walker,Jeffery_Walker@watson.com,1956-06-24,46574799,Jeffery,Walker,True,walker3fd54
43,Todd Alvarez,Todd_Alvarez@vaughn.com,1974-11-25,42011263,Todd,Alvarez,True,alvarezebd33
44,Brett Willis,Brett_Willis@gibbs.com,1961-08-09,86342007,Brett,Willis,True,willis68f22
45,Kristin Wilkins,Kristin_Wilkins@harvey.com,2002-11-05,84393855,Kristin,Wilkins,True,wilkins9db43
46,Joshua Lynch,Joshua_Lynch@daniels.com,1965-05-26,71572839,Joshua,Lynch,True,lynche9462
47,Deborah Williams,Deborah_Williams@howard.com,1984-11-21,11357647,Deborah,Williams,True,williamsb6d1d
48,Timothy Martin,Timothy_Martin@camacho-sparks.net,2003-01-05,92008191,Timothy,Martin,True,martin89566
49,Sarah Bright,Sarah_Bright@winters.com,1998-11-15,24327743,Sarah,Bright,True,bright784bc
50,Rebecca Anderson,Rebecca_Anderson@carter-ramirez.com,1973-08-27,27023231,Rebecca,Anderson,True,anderson4a40b
51,Roger Frost,Roger_Frost@cole-robinson.com,1970-02-17,94120431,Roger,Frost,True,frostb0a21
52,Eric Dunn,Eric_Dunn@reese.com,1960-07-12,13714207,Eric,Dunn,True,dunn7200b
53,Heather Pierce,Heather_Pierce@williams-edwards.com,1957-08-13,32413999,Heather,Pierce,True,pierce0dd95
54,Jordan Erickson,Jordan_Erickson@martinez.com,1975-02-08,64756655,Jordan,Erickson,True,erickson5f33d
55,Susan Ali,Susan_Ali@leach.com,1999-05-01,74229143,Susan,Ali,True,ali55a95
56,Richard Wilson,Richard_Wilson@hernandez.com,1999-03-07,36349175,Richard,Wilson,True,wilson3a85c
57,Jon Butler,Jon_Butler@blackwell.com,1987-03-18,78121695,Jon,Butler,True,butlera93d9
58,Paul Phillips,Paul_Phillips@vance.com,1997-02-16,11213063,Paul,Phillips,True,phillips90319
59,Adam Parker,Adam_Parker@yoder.com,1998-07-22,27783391,Adam,Parker,True,parkerc35c6
60,Cory Walker,Cory_Walker@torres.net,1962-08-12,37614935,Cory,Walker,True,walkerd347a
61,Jeffrey Sanchez,Jeffrey_Sanchez@jones-butler.com,1995-09-14,73226919,Jeffrey,Sanchez,True,sanchezb54e9
62,Bianca Martin,Bianca_Martin@mitchell.com,1978-05-02,86924127,Bianca,Martin,True,martin9d149
63,Jeffrey King,Jeffrey_King@hicks-boyd.com,1977-06-23,68622991,Jeffrey,King,True,kinge1a0a
64,Melanie Wiggins,Melanie_Wiggins@mcdonald-rice.com,2000-02-14,91699615,Melanie,Wiggins,True,wiggins63260
65,Mr. Daniel Smith,Daniel_Smith@cummings.com,1986-08-03,26613823,Daniel,Smith,True,smith2cc1c
66,Scott Lawrence,Scott_Lawrence@aguilar.com,1976-04-01,59217375,Scott,Lawrence,True,lawrence49996
67,James Sosa,James_Sosa@robles-hawkins.com,1957-11-08,47053447,James,Sosa,True,sosa927f4
68,Jamie Jackson,Jamie_Jackson@carr.com,1977-05-26,71512687,Jamie,Jackson,True,jacksone44ff
69,Jeffrey Hatfield,Jeffrey_Hatfield@morgan-erickson.com,1970-10-14,69441735,Jeffrey,Hatfield,True,hatfield05918
70,James Phillips,James_Phillips@green-taylor.com,1961-10-19,89808183,James,Phillips,True,phillips664eb
71,Jessica Moore,Jessica_Moore@harrison-bautista.com,1999-05-09,27155335,Jessica,Moore,True,moore40eab
72,Richard Anderson,Richard_Anderson@peck-franklin.com,1970-05-04,24730327,Richard,Anderson,True,anderson39f5e
73,Lauren Hahn,Lauren_Hahn@simmons.com,1972-06-20,15132727,Lauren,Hahn,True,hahn17418
74,Faith Edwards,Faith_Edwards@price.net,1977-07-26,44653063,Faith,Edwards,True,edwards5820d
75,Laura Vargas,Laura_Vargas@gallagher-young.com,1977-10-09,40816943,Laura,Vargas,True,vargas85252
76,Sarah Lewis,Sarah_Lewis@wyatt.com,1981-02-25,37945839,Sarah,Lewis,True,lewis665de
77,Brad Huff,Brad_Huff@moore.com,1961-12-27,28207575,Brad,Huff,True,huffaba28
78,Alexander Richardson,Alexander_Richardson@perez.com,1958-10-25,34675335,Alexander,Richardson,True,richardson6be13
79,Matthew Moore,Matthew_Moore@nichols.com,2003-07-07,66391671,Matthew,Moore,True,moore10263
80,Joseph Howard,Joseph_Howard@williams.com,1952-07-26,46746383,Joseph,Howard,True,howardde680
81,Anne Richards,Anne_Richards@mccarthy.com,1969-09-06,84963423,Anne,Richards,True,richards79ed1
82,Derek Thomas,Derek_Thomas@green.com,1964-07-24,37329863,Derek,Thomas,True,thomas87faa
83,Joseph Bonilla,Joseph_Bonilla@freeman.com,1974-08-05,66912183,Joseph,Bonilla,True,bonilla9d37b
84,Gary Barber,Gary_Barber@roberts.net,1955-12-11,44790343,Gary,Barber,True,barberf3b2e
85,Brian Johnson,Brian_Johnson@carr.com,1981-06-17,76631695,Brian,Johnson,True,johnson730c1
86,Christine Peterson,Christine_Peterson@hamilton.com,1974-11-19,57627175,Christine,Peterson,True,petersond67bc
87,Christopher Bautista,Christopher_Bautista@rodgers.com,1994-12-02,48834663,Christopher,Bautista,True,bautistaf6666
88,Barbara Krueger,Barbara_Krueger@strong.com,1952-03-22,30905343,Barbara,Krueger,True,krueger10a51
89,Monica Oconnor,Monica_Oconnor@gordon.com,1980-07-01,97887295,Monica,Oconnor,True,oconnor1f5d5
90,Peggy Johnson,Peggy_Johnson@berg.com,1972-03-28,34795631,Peggy,Johnson,True,johnson8d548
91,Susan Herrera,Susan_Herrera@gomez.com,1955-08-26,24027735,Susan,Herrera,True,herrera69848
92,Andrew Matthews,Andrew_Matthews@ramos-vaughn.com,1988-02-19,90821359,Andrew,Matthews,True,matthews8ed8c
93,Erin Kennedy,Erin_Kennedy@hendricks-mason.com,1965-09-01,35865639,Erin,Kennedy,True,kennedyb2f75
94,Jason Lopez,Jason_Lopez@wood-hill.com,1974-08-30,11287127,Jason,Lopez,True,lopeza0c78
95,Jerry Clark,Jerry_Clark@perez.com,1995-09-28,46859655,Jerry,Clark,True,clark1aaaf
96,Alyssa Kim,Alyssa_Kim@beck-zuniga.com,1990-08-11,59732335,Alyssa,Kim,True,kimc67c3
97,Courtney Williams,Courtney_Williams@garner.com,1999-09-19,27598999,Courtney,Williams,True,williamsbcd69
98,Matthew Nelson,Matthew_Nelson@hunt.com,1958-01-27,45515247,Matthew,Nelson,True,nelsond4630
99,Robert Moore,Robert_Moore@young.com,1955-04-15,19512199,Robert,Moore,True,moore314af
100,Nicole Mcgee,Nicole_Mcgee@reyes.com,1959-03-03,34539135,Nicole,Mcgee,True,mcgeee8de8
101,Danielle Hunter,Danielle_Hunter@ballard.com,1971-11-08,99947039,Danielle,Hunter,True,hunter68414
102,Kelly Perez,Kelly_Perez@ward-wilson.com,1960-05-19,60614735,Kelly,Perez,True,perezf2ad9
103,Mary Odom,Mary_Odom@morgan-reynolds.com,1963-08-13,98738367,Mary,Odom,True,odomc3868
104,Arthur Gibson II,Arthur_Gibson@thompson-thompson.com,1961-06-03,75411807,Arthur,Gibson,True,gibson1e6cc
105,Christopher Miller,Christopher_Miller@kelly.com,1985-01-31,16222031,Christopher,Miller,True,miller5761b
106,Amber Hopkins,Amber_Hopkins@hall.com,1975-08-31,15289039,Amber,Hopkins,True,hopkins759b4
107,Nancy Garcia,Nancy_Garcia@lewis-hayden.com,1968-05-03,62971303,Nancy,Garcia,True,garciaef9d6
108,Alex Rhodes,Alex_Rhodes@russell.net,1978-09-13,75808519,Alex,Rhodes,True,rhodesd2f86
109,Daniel Bennett,Daniel_Bennett@stephens-oneill.com,1973-02-28,20776023,Daniel,Bennett,True,bennett8691c
110,Kevin Woodard,Kevin_Woodard@lynch.com,1955-09-08,30319911,Kevin,Woodard,True,woodardea6d7
111,Alan Peterson,Alan_Peterson@burch.com,1976-01-29,88993663,Alan,Peterson,True,peterson60c4e
112,Jacob Grant,Jacob_Grant@cummings.com,1991-04-12,94196575,Jacob,Grant,True,grant0656b
113,Gabrielle Johnson,Gabrielle_Johnson@serrano.com,1958-10-06,35424207,Gabrielle,Johnson,True,johnsonb7b27
114,Caleb Morales,Caleb_Morales@collins.com,1966-03-29,69459679,Caleb,Morales,True,morales77048
115,James Dominguez,James_Dominguez@black.com,1988-05-12,49527207,James,Dominguez,True,dominguez6d8ea
116,Kathryn Cardenas,Kathryn_Cardenas@skinner.com,1983-08-05,81016239,Kathryn,Cardenas,True,cardenasd9fe2
117,Jeffrey Santiago,Jeffrey_Santiago@duncan.com,1975-02-28,93827623,Jeffrey,Santiago,True,santiagoecbc3
118,Andrew Mclaughlin,Andrew_Mclaughlin@fitzpatrick-lucas.com,1973-05-14,66417719,Andrew,Mclaughlin,True,mclaughlin879f8
119,Mr. Bryan Porter,Bryan_Porter@elliott.com,1957-02-14,88089671,Bryan,Porter,True,porter64d3c
120,Brendan Smith,Brendan_Smith@williams.com,1958-05-16,67839775,Brendan,Smith,True,smith90363
121,Jeffrey Hernandez,Jeffrey_Hernandez@mcdaniel.com,1989-12-31,76263607,Jeffrey,Hernandez,True,hernandezeec97
122,Michael Miller,Michael_Miller@taylor-moore.com,1964-05-20,17581687,Michael,Miller,True,miller316d4
123,Theresa Newman,Theresa_Newman@perry-scott.com,1994-11-29,36575799,Theresa,Newman,True,newman9f5d2
124,Paul Romero,Paul_Romero@middleton-jones.com,1960-07-10,98843943,Paul,Romero,True,romeroc287c
125,Janet Choi MD,Janet_Choi@neal.com,1986-07-18,66675695,Janet,Choi,True,choie7918
126,Mark Bender,Mark_Bender@oneal-wilkins.com,1969-11-09,27354911,Mark,Bender,True,bendera3104
127,Abigail Brown,Abigail_Brown@jones-underwood.com,1980-10-08,15726143,Abigail,Brown,True,brown18bc3
128,Antonio Dominguez,Antonio_Dominguez@nichols.com,1980-11-15,75861007,Antonio,Dominguez,True,dominguez07c05
129,Tony Morris,Tony_Morris@davis.com,1970-05-08,33280551,Tony,Morris,True,morris7ffa9
130,Randy Carlson,Randy_Carlson@rivera.com,1955-05-30,51211679,Randy,Carlson,True,carlson487f2
131,Mitchell Pierce,Mitchell_Pierce@houston-conway.net,2001-08-24,96845551,Mitchell,Pierce,True,pierce743d6
132,Angela West,Angela_West@anderson-fitzgerald.com,1981-04-27,59397207,Angela,West,True,westacd4f
133,Kevin Peters,Kevin_Peters@edwards.com,1967-02-06,28855487,Kevin,Peters,True,peters940d2
134,Benjamin Conway,Benjamin_Conway@burton-paul.com,1955-12-28,23338319,Benjamin,Conway,True,conway05a4c
135,Andrew Stewart,Andrew_Stewart@wong.com,1951-02-12,19799879,Andrew,Stewart,True,stewartb7e33
136,Brenda Jones,Brenda_Jones@lang.com,1955-04-08,62608823,Brenda,Jones,True,jonesf1b9a
137,Elizabeth Bailey,Elizabeth_Bailey@stephenson-arnold.com,1963-01-01,20218071,Elizabeth,Bailey,True,bailey9df39
138,Kelly Levy,Kelly_Levy@barajas.com,1994-05-08,74468255,Kelly,Levy,True,levyb1315
139,Thomas Burton,Thomas_Burton@dunn-avery.net,1975-04-19,14613071,Thomas,Burton,True,burtoncd19b
140,Paul Peterson,Paul_Peterson@bullock.com,2002-12-25,59148863,Paul,Peterson,True,petersonfda71
141,Michael Reilly,Michael_Reilly@cooper.net,1972-05-14,33876967,Michael,Reilly,True,reilly16d0e
142,Alejandra Martinez,Alejandra_Martinez@jones.com,1979-12-21,87381327,Alejandra,Martinez,True,martinezd5603
143,Timothy Sanders,Timothy_Sanders@harrell.com,1952-03-10,63453583,Timothy,Sanders,True,sanderscadb1
144,Latoya Little,Latoya_Little@martinez.com,1978-08-07,43404335,Latoya,Little,True,little59f97
145,Sarah Harvey,Sarah_Harvey@martin-smith.com,1960-03-31,58520471,Sarah,Harvey,True,harveya600f
146,Melissa Ortiz,Melissa_Ortiz@lee-malone.com,1958-07-29,49637727,Melissa,Ortiz,True,ortizdb84c
147,Brooke Hernandez,Brooke_Hernandez@benitez.com,1991-11-14,97309975,Brooke,Hernandez,True,hernandeza4314
148,Lisa Livingston,Lisa_Livingston@glover.com,1950-04-23,20519415,Lisa,Livingston,True,livingstonff6fe
149,Eugene Mason,Eugene_Mason@gardner.com,1978-12-13,47810855,Eugene,Mason,True,mason8de35
150,Daniel Cunningham,Daniel_Cunningham@cooper.com,1973-03-26,78657983,Daniel,Cunningham,True,cunningham54d10
151,Alex Smith,Alex_Smith@johnson.com,2002-03-05,58965703,Alex,Smith,True,smith12d7a
152,Jessica Vargas,Jessica_Vargas@miller-price.net,1981-05-17,48925903,Jessica,Vargas,True,vargasfe205
153,Olivia Clark,Olivia_Clark@wade-roberson.com,1974-01-10,67793735,Olivia,Clark,True,clark2e756
154,Cathy Carney,Cathy_Carney@williams.net,1997-05-22,31104151,Cathy,Carney,True,carney92c22
155,Haley Baldwin,Haley_Baldwin@bush-wolfe.com,1965-04-13,31940631,Haley,Baldwin,True,baldwind7206
156,Alexander Wilson,Alexander_Wilson@barron-garcia.com,1988-11-11,13893319,Alexander,Wilson,True,wilsonb3cb5
157,April Cole,April_Cole@vargas.com,1961-06-22,65186503,April,Cole,True,cole74700
158,Holly Riley,Holly_Riley@stokes.com,1974-07-28,55620431,Holly,Riley,True,rileycb25c
159,Jeffrey Poole,Jeffrey_Poole@cross.com,1957-04-02,82077439,Jeffrey,Poole,True,poole9c1af
160,Rachel Poole,Rachel_Poole@jones.net,1976-07-08,35095087,Rachel,Poole,True,poole1311d
161,Sheena Ward,Sheena_Ward@wilson-mcbride.com,1973-09-26,96834175,Sheena,Ward,True,warda1cbf
162,Cynthia Smith,Cynthia_Smith@smith.com,1951-09-05,48760255,Cynthia,Smith,True,smith0813a
163,Kevin Clayton,Kevin_Clayton@miller.com,1975-07-08,25081071,Kevin,Clayton,True,clayton92c75
164,Sarah Coleman,Sarah_Coleman@novak.com,1950-01-19,37411775,Sarah,Coleman,True,coleman9b1f9
165,Cody Becker,Cody_Becker@hansen.com,1960-12-16,76003567,Cody,Becker,True,becker140c3
166,Miss Molly Miller,Molly_Miller@king-kelly.net,1977-11-05,99947663,Molly,Miller,True,millere681a
167,Craig Bailey,Craig_Bailey@hancock-brown.com,1997-07-13,33032303,Craig,Bailey,True,bailey5c44d
168,Patricia Gray,Patricia_Gray@dawson.com,1966-03-19,18281751,Patricia,Gray,True,grayf6a85
169,Robert Rivera DVM,Robert_Rivera@gibson.com,1950-07-22,35020847,Robert,Rivera,True,rivera509ae
170,Miss Michelle Lewis,Michelle_Lewis@wiggins-thornton.com,1983-01-21,64700455,Michelle,Lewis,True,lewisd3040
171,John Owens,John_Owens@callahan.com,1967-04-24,71230983,John,Owens,True,owensfd452
172,Sarah Smith,Sarah_Smith@kirk.com,1968-04-08,22702359,Sarah,Smith,True,smitha1596
173,Nancy Lucas,Nancy_Lucas@aguilar.com,1983-07-06,91477863,Nancy,Lucas,True,lucasaa616
174,Christina Murray,Christina_Murray@collins-day.com,1979-12-17,35027583,Christina,Murray,True,murray7e6f6
175,Emma Berry,Emma_Berry@charles.com,1994-07-01,34612959,Emma,Berry,True,berry57bee
176,Christopher Gross,Christopher_Gross@grimes.net,2003-11-14,49217831,Christopher,Gross,True,grossf93f8
177,Jason Hawkins,Jason_Hawkins@adams-hunter.com,1954-01-10,31750255,Jason,Hawkins,True,hawkinsf4da1
178,Jeffrey Rodriguez,Jeffrey_Rodriguez@johnson-white.com,1969-07-18,29947599,Jeffrey,Rodriguez,True,rodriguez124a7
179,Christina Miller,Christina_Miller@marshall-lucas.com,1953-04-25,92153503,Christina,Miller,True,millerb77a4
180,Maria Miller,Maria_Miller@roberts.com,1994-12-21,86317751,Maria,Miller,True,miller32949
181,Eileen Davis,Eileen_Davis@knox.com,1952-04-04,19544735,Eileen,Davis,True,davis38fef
182,Harry Miller,Harry_Miller@warner-jackson.com,1989-06-13,63478047,Harry,Miller,True,millerb5b3b
183,Ellen Montes,Ellen_Montes@sellers.com,1961-07-14,16519759,Ellen,Montes,True,montesb3f5e
184,Gregory Mclean,Gregory_Mclean@valencia.com,1961-01-08,38860951,Gregory,Mclean,True,mclean16eb4
185,Angela Spencer,Angela_Spencer@lopez.com,1998-02-05,18410783,Angela,Spencer,True,spencer650af
186,Christina Price,Christina_Price@kennedy-tran.com,1986-05-08,65381695,Christina,Price,True,pricec3bd5
187,Amber Randall,Amber_Randall@boyd-freeman.net,1952-10-09,60506343,Amber,Randall,True,randall70865
188,Matthew Morris,Matthew_Morris@boyle-novak.com,1998-11-11,49822607,Matthew,Morris,True,morris1fb8d
189,Cindy Blackburn,Cindy_Blackburn@bolton.net,2000-08-10,86098071,Cindy,Blackburn,True,blackburnc7168
190,Matthew Jacobson,Matthew_Jacobson@bishop-thomas.com,1951-12-04,99110191,Matthew,Jacobson,True,jacobson63b17
191,Stacy Jones,Stacy_Jones@perez.com,1994-09-09,71998399,Stacy,Jones,True,jonesac282
192,Scott Zimmerman,Scott_Zimmerman@fischer.com,1956-01-30,70071511,Scott,Zimmerman,True,zimmerman3dbb5
193,Dakota Silva,Dakota_Silva@barker-miller.com,1979-07-10,41853599,Dakota,Silva,True,silva6c648
194,Jacob Spencer MD,Jacob_Spencer@jefferson.net,1962-02-26,41992359,Jacob,Spencer,True,spencerc2c72
195,Matthew Oliver,Matthew_Oliver@mitchell.com,1972-04-23,14016935,Matthew,Oliver,True,oliver80ebd
196,Roger Maddox,Roger_Maddox@richards.com,1981-04-26,86988519,Roger,Maddox,True,maddox96a02
197,Bryan Gutierrez,Bryan_Gutierrez@short-huerta.net,1988-11-18,84795039,Bryan,Gutierrez,True,gutierrez3f367
198,Peter Schultz,Peter_Schultz@shah.com,1957-08-29,78301895,Peter,Schultz,True,schultz8fe11
199,Justin Burke,Justin_Burke@johnson.com,1996-02-12,43401655,Justin,Burke,True,burkeb3ddf
200,Sarah Ramsey,Sarah_Ramsey@hayes.com,1964-06-22,63376279,Sarah,Ramsey,True,ramsey2f536
201,Michael Chang,Michael_Chang@watkins.com,1990-09-02,99632783,Michael,Chang,True,changf6fa6
202,Pamela Hughes,Pamela_Hughes@rivas-garza.com,1957-01-16,32117783,Pamela,Hughes,True,hughes13b5d
203,Jimmy Morris,Jimmy_Morris@hall-watkins.com,1964-01-20,31836895,Jimmy,Morris,True,morrisab178
204,Lauren Romero,Lauren_Romero@davis.com,2002-04-25,50100783,Lauren,Romero,True,romero1fef2
205,Adam Jones,Adam_Jones@kline-reeves.com,1957-07-01,83246639,Adam,Jones,True,jones0294f
206,Matthew Murphy,Matthew_Murphy@graham.com,1960-02-16,18189831,Matthew,Murphy,True,murphy3ebcc
207,Jessica Arroyo,Jessica_Arroyo@flores-evans.com,2002-10-19,24971015,Jessica,Arroyo,True,arroyocffa2
208,Caleb Zuniga,Caleb_Zuniga@stone.net,1968-10-28,36180711,Caleb,Zuniga,True,zunigaff114
209,Cheyenne Moreno,Cheyenne_Moreno@hampton.com,1960-12-09,61341887,Cheyenne,Moreno,True,morenoa5e68
210,Courtney Lopez,Courtney_Lopez@sanders.com,1971-10-08,35323391,Courtney,Lopez,True,lopezec226
211,Kenneth Williamson,Kenneth_Williamson@perez.com,1954-03-10,36169599,Kenneth,Williamson,True,williamson7639d
212,Bruce Browning,Bruce_Browning@robertson-baldwin.com,1963-11-13,22984503,Bruce,Browning,True,browning7a902
213,Shannon Gilbert,Shannon_Gilbert@brown-schaefer.com,1992-06-13,34472903,Shannon,Gilbert,True,gilbert369f5
214,Amanda Brown,Amanda_Brown@williams.com,1954-12-18,52400391,Amanda,Brown,True,brown77c60
215,Riley Gomez,Riley_Gomez@hoffman.com,1981-11-02,20838807,Riley,Gomez,True,gomeza2361
216,Shelby Price,Shelby_Price@fuller.net,1986-07-08,74350543,Shelby,Price,True,price7cdfd
217,Scott Harris,Scott_Harris@mullins.com,1990-12-14,36307567,Scott,Harris,True,harris58c1a
218,Bonnie Franklin,Bonnie_Franklin@gillespie.com,1988-07-14,22008807,Bonnie,Franklin,True,franklin93ad5
219,Ashley Morris,Ashley_Morris@marshall.net,2002-01-10,13085855,Ashley,Morris,True,morrisacf24
220,Jack Jensen,Jack_Jensen@kent-williamson.net,1960-12-29,93571087,Jack,Jensen,True,jensen57507
221,Daniel Armstrong,Daniel_Armstrong@brown.com,1982-07-14,18991247,Daniel,Armstrong,True,armstrongfd1b9
222,Susan Donovan,Susan_Donovan@jordan-anderson.com,1969-01-30,85222335,Susan,Donovan,True,donovan178e1
223,Michael Powell,Michael_Powell@mccall.com,1994-11-27,63894311,Michael,Powell,True,powell89755
224,Alexander Lowe,Alexander_Lowe@morris.com,1961-08-05,93074023,Alexander,Lowe,True,loweea4b0
225,Aaron Wilson,Aaron_Wilson@burke-benton.net,1987-05-17,75053391,Aaron,Wilson,True,wilsond63a6
226,Samuel Lee,Samuel_Lee@gardner-rodriguez.net,1974-02-09,57636831,Samuel,Lee,True,lee8d5bf
227,Jennifer Weaver,Jennifer_Weaver@patterson.com,1978-10-15,74152151,Jennifer,Weaver,True,weaver0a0b3
228,Leonard Hamilton,Leonard_Hamilton@brown.com,1988-02-29,76082775,Leonard,Hamilton,True,hamiltona53d6
229,Kathy Phillips,Kathy_Phillips@floyd.com,1984-12-16,57829247,Kathy,Phillips,True,phillipsc707f
230,Jennifer Jimenez,Jennifer_Jimenez@morgan.com,1992-11-21,59592559,Jennifer,Jimenez,True,jimenez932bf
231,Victoria Lawson,Victoria_Lawson@snyder.com,1954-04-12,24045823,Victoria,Lawson,True,lawson4a8a6
232,Michael Martinez,Michael_Martinez@hogan.net,1952-07-11,40271975,Michael,Martinez,True,martinez58a7b
233,Dr. Paul Jones,Paul_Jones@clark-irwin.com,1994-02-15,91301999,Paul,Jones,True,jones5e7cf
234,Danielle Tran,Danielle_Tran@mann.com,1988-08-26,85246679,Danielle,Tran,True,tran79676
235,Jeff Freeman,Jeff_Freeman@guzman.com,2003-05-20,13590655,Jeff,Freeman,True,freeman32566
236,Marissa Jones,Marissa_Jones@lewis.net,1958-06-08,32094119,Marissa,Jones,True,jones2ba93
237,Elijah Roy,Elijah_Roy@jones-baldwin.com,1987-05-07,57159015,Elijah,Roy,True,roy54d3c
238,Courtney Simpson,Courtney_Simpson@preston-cantrell.com,1973-03-11,77314887,Courtney,Simpson,True,simpsond99e8
239,Kimberly Hopkins,Kimberly_Hopkins@adams.com,1993-10-22,67364511,Kimberly,Hopkins,True,hopkins956dc
240,William King,William_King@cline-allen.com,1984-11-15,21561215,William,King,True,kingc2594
241,Stephanie Robertson,Stephanie_Robertson@owen-rodriguez.com,2002-05-08,75259367,Stephanie,Robertson,True,robertson01211
242,Rickey Hill,Rickey_Hill@parker-cohen.com,1964-04-30,56465207,Rickey,Hill,True,hill95e21
243,Erika Stewart,Erika_Stewart@solis.com,1985-12-26,83552695,Erika,Stewart,True,stewart66e66
244,Christina Johnson,Christina_Johnson@clark.com,2001-06-22,30262983,Christina,Johnson,True,johnson0486f
245,Kelli Wells,Kelli_Wells@jones.com,1954-08-03,27406215,Kelli,Wells,True,wellsfe63b
246,Nathan Archer,Nathan_Archer@gray.com,1956-07-23,72954367,Nathan,Archer,True,archer5b863
247,Michael Kline,Michael_Kline@phelps-alvarez.com,1965-06-23,20968343,Michael,Kline,True,kline29fdd
248,Joshua Rodriguez,Joshua_Rodriguez@thornton-benitez.com,1953-03-17,27953967,Joshua,Rodriguez,True,rodriguez7e963
249,James Rodriguez,James_Rodriguez@logan.com,1981-07-17,50981423,James,Rodriguez,True,rodriguez41f62
250,Robert Ortega,Robert_Ortega@perez.com,1960-03-16,57040695,Robert,Ortega,True,ortega9749e
251,Teresa Ruiz,Teresa_Ruiz@holmes.com,1951-04-09,22432447,Teresa,Ruiz,True,ruiz0990a
252,Madison Mejia,Madison_Mejia@sims.com,1953-03-23,73824679,Madison,Mejia,True,mejiac80bd
253,James Bailey,James_Bailey@flynn.net,1986-07-10,26146743,James,Bailey,True,baileyecf05
254,Mary Perry,Mary_Perry@williams.net,1973-08-08,57879711,Mary,Perry,True,perry39256
255,Crystal Jones,Crystal_Jones@webb.com,1962-09-14,39588047,Crystal,Jones,True,jones5edd7
256,Aaron Brown,Aaron_Brown@yates.com,1986-02-05,43815191,Aaron,Brown,True,brown5f6e4
257,Tanya Barajas,Tanya_Barajas@davis.com,1974-04-30,92793871,Tanya,Barajas,True,barajas9c5f7
258,Samantha Rasmussen,Samantha_Rasmussen@stokes-leon.com,1994-06-21,26634223,Samantha,Rasmussen,True,rasmussencef02
259,Vincent Martin,Vincent_Martin@wright-lee.com,1984-01-24,55457087,Vincent,Martin,True,martin6fab1
260,Tony Crawford,Tony_Crawford@moore.com,1987-08-18,15997263,Tony,Crawford,True,crawford4398a
261,Randy Sullivan,Randy_Sullivan@perez.net,1961-10-25,15665967,Randy,Sullivan,True,sullivanc68fb
262,Kimberly Thompson,Kimberly_Thompson@brewer-walters.net,2000-11-12,88531623,Kimberly,Thompson,True,thompson6017b
263,Martin Compton,Martin_Compton@morgan.com,1984-02-06,42037887,Martin,Compton,True,comptoncb8fe
264,Tracy Brown,Tracy_Brown@joyce.com,1972-08-23,26044711,Tracy,Brown,True,brown1a4cb
265,Leslie Preston,Leslie_Preston@johns.com,1972-10-05,71892959,Leslie,Preston,True,preston707ac
266,Jay Parker,Jay_Parker@fowler.net,1993-09-30,57583783,Jay,Parker,True,parker5ecb2
267,Lance Williams,Lance_Williams@williams.net,1973-07-08,19310567,Lance,Williams,True,williams1771d
268,Kathleen Allen,Kathleen_Allen@cook.com,1986-01-13,38829559,Kathleen,Allen,True,allen52c69
269,Marie Lamb,Marie_Lamb@hampton.com,1979-10-04,26841263,Marie,Lamb,True,lambed5ee
270,Nathan Flores,Nathan_Flores@gibbs.net,1979-09-04,86883135,Nathan,Flores,True,flores91929
271,Ashley Caldwell,Ashley_Caldwell@mason-bryant.com,1988-03-09,13420663,Ashley,Caldwell,True,caldwell2f265
272,Renee Martin,Renee_Martin@crawford-walker.com,1981-04-21,55803823,Renee,Martin,True,martinbd5c9
273,Keith Parker,Keith_Parker@moore.com,1964-08-26,40120471,Keith,Parker,True,parkerf42a1
274,Melissa Levy,Melissa_Levy@arroyo.com,1950-03-30,51842935,Melissa,Levy,True,levyee14d
275,Brandon Powell,Brandon_Powell@craig-gonzales.net,1976-06-06,43375815,Brandon,Powell,True,powelld7879
276,Kimberly Stone,Kimberly_Stone@murphy-bryant.com,1994-12-05,25323999,Kimberly,Stone,True,stoned9fd2
277,Adam Jones,Adam_Jones@ashley.com,1973-03-16,55082935,Adam,Jones,True,jones700bf
278,Elizabeth Andersen,Elizabeth_Andersen@baker.com,1974-01-23,69096535,Elizabeth,Andersen,True,andersen2c532
279,Destiny Lutz,Destiny_Lutz@thompson-wright.com,1994-12-04,87853607,Destiny,Lutz,True,lutzf7c5b
280,Brandy Allen,Brandy_Allen@hardy-griffin.com,1981-01-13,92130799,Brandy,Allen,True,allen3bf41
281,Stephanie Decker,Stephanie_Decker@barrett.net,1977-05-09,92626639,Stephanie,Decker,True,deckeredfda
282,Michelle Keller,Michelle_Keller@johnson.com,1951-07-06,56139711,Michelle,Keller,True,kellerba7a0
283,Stacey Yates,Stacey_Yates@lewis.com,1992-08-12,30115967,Stacey,Yates,True,yates8d41d
284,Sue Lee,Sue_Lee@rojas.com,1986-08-29,97367575,Sue,Lee,True,lee59ce0
285,Anna Long,Anna_Long@coleman.com,1974-03-16,52566967,Anna,Long,True,long726f6
286,Annette Watson,Annette_Watson@brown-brennan.com,1958-04-23,67851175,Annette,Watson,True,watson68251
287,James Thomas,James_Thomas@torres.net,1952-09-05,58718239,James,Thomas,True,thomas3a9df
288,Kelli Olson,Kelli_Olson@campbell.net,1996-07-23,50265023,Kelli,Olson,True,olsonf5bdc
289,Becky Reid,Becky_Reid@vargas.net,1975-10-27,37025287,Becky,Reid,True,reidb3328
290,Wesley Shaw,Wesley_Shaw@henderson-gibson.com,1983-01-21,76819471,Wesley,Shaw,True,shawd3040
291,Pamela Boyd,Pamela_Boyd@freeman.com,1968-06-28,25030751,Pamela,Boyd,True,boyd226d7
292,Jeremy Lewis,Jeremy_Lewis@murray.com,1953-07-01,44159519,Jeremy,Lewis,True,lewisc7d66
293,Jennifer Garza,Jennifer_Garza@herrera-klein.com,1989-03-06,31999455,Jennifer,Garza,True,garzae295e
294,Joseph Perry,Joseph_Perry@tucker.com,1951-06-16,16254071,Joseph,Perry,True,perryed5fa
295,Heather Herman,Heather_Herman@williams-lindsey.com,1971-06-06,97877423,Heather,Herman,True,hermanfb5da
296,Laura Lopez,Laura_Lopez@rodriguez.com,1990-12-21,72627367,Laura,Lopez,True,lopez1f58c
297,Reginald Barnes,Reginald_Barnes@walker-robinson.com,1973-02-14,19884399,Reginald,Barnes,True,barnes27bae
298,Robert Weaver,Robert_Weaver@young-leonard.com,1982-02-18,39131199,Robert,Weaver,True,weaverdf7f5
299,Beth Martinez,Beth_Martinez@johnson.com,1968-12-25,87909191,Beth,Martinez,True,martinezfc7a8
300,Spencer Ware,Spencer_Ware@montgomery-lane.com,1980-09-10,74599951,Spencer,Ware,True,ware3ff34
301,Willie Erickson,Willie_Erickson@bartlett.com,1991-10-01,53673855,Willie,Erickson,True,erickson6e2fe
302,Daniel Nguyen,Daniel_Nguyen@mccall.com,1959-03-09,37673823,Daniel,Nguyen,True,nguyen31024
303,Leonard Martinez,Leonard_Martinez@mcbride.com,1956-09-22,14452319,Leonard,Martinez,True,martinez3b4c3
304,Robert Stephens,Robert_Stephens@lopez.com,2000-06-19,92784815,Robert,Stephens,True,stephens1c98d
305,Daniel Chen,Daniel_Chen@little.com,1952-07-16,46750383,Daniel,Chen,True,chen9f250
306,Samuel Dalton,Samuel_Dalton@marquez.com,1996-09-16,75194711,Samuel,Dalton,True,daltonfd679
307,Heather Bennett,Heather_Bennett@hamilton-blair.com,2002-05-01,64795847,Heather,Bennett,True,bennett52783
308,Joshua King,Joshua_King@hale.net,2000-06-01,99342223,Joshua,King,True,king57621
309,Crystal Blake,Crystal_Blake@parker.com,1970-11-17,97878511,Crystal,Blake,True,blake495f5
310,Amanda Evans,Amanda_Evans@cox.com,1959-02-24,92559519,Amanda,Evans,True,evans424d2
311,Sergio Day,Sergio_Day@guzman-garrett.com,1951-05-31,27091295,Sergio,Day,True,dayfaa4b
312,Julie Boyd,Julie_Boyd@white-george.com,1969-06-09,47949079,Julie,Boyd,True,boyd080f0
313,Logan Watkins,Logan_Watkins@hernandez.com,2000-11-05,87081215,Logan,Watkins,True,watkins65716
314,Steven Ortiz,Steven_Ortiz@hamilton.com,1967-05-06,15073183,Steven,Ortiz,True,ortiz42f26
315,Lisa Marquez,Lisa_Marquez@day-smith.com,1971-03-26,18443671,Lisa,Marquez,True,marquez53c49
316,Jennifer Martin,Jennifer_Martin@moore.com,1983-05-27,83212175,Jennifer,Martin,True,martin49df3
317,Arthur Chandler,Arthur_Chandler@martin.com,1961-10-02,18438007,Arthur,Chandler,True,chandler6d7d7
318,Ronald Hudson,Ronald_Hudson@carson.com,1951-03-10,66192423,Ronald,Hudson,True,hudson991f9
319,Jennifer Lee,Jennifer_Lee@guerra-lopez.com,1950-04-01,35305031,Jennifer,Lee,True,leef08ec
320,Gregory Yoder,Gregory_Yoder@robinson-johnson.com,1953-06-20,75705319,Gregory,Yoder,True,yoder40fd2
321,Carolyn Harmon,Carolyn_Harmon@watts-horn.com,1998-01-24,55977599,Carolyn,Harmon,True,harmon54c58
322,Dr. Christopher Harrell,Christopher_Harrell@lindsey.com,1970-06-30,52999479,Christopher,Harrell,True,harrellef9d7
323,Kevin Johnson,Kevin_Johnson@rogers.com,1993-02-08,15154639,Kevin,Johnson,True,johnson70706
324,Michael Harrison,Michael_Harrison@franklin.com,1951-08-19,29087871,Michael,Harrison,True,harrison5d569
325,Terry Moore,Terry_Moore@barker-ayers.com,1987-06-15,19828167,Terry,Moore,True,moore2cecc
326,James Rogers,James_Rogers@green.net,1993-04-07,65821255,James,Rogers,True,rogersa4b7b
327,Kathleen Tran,Kathleen_Tran@wilson.net,1974-11-02,20044927,Kathleen,Tran,True,tranaffa5
328,Jacqueline Conway,Jacqueline_Conway@robinson-carson.com,1971-06-17,91842383,Jacqueline,Conway,True,conwaycd6a9
329,Maxwell Cole,Maxwell_Cole@larson.com,1951-03-02,41796463,Maxwell,Cole,True,cole893bc
330,Bethany Williamson,Bethany_Williamson@flores.com,1954-10-03,40227935,Bethany,Williamson,True,williamson27fdc
331,Joseph Wright,Joseph_Wright@powell.net,1957-05-21,40768583,Joseph,Wright,True,wrightd606f
332,Heidi Bolton,Heidi_Bolton@spencer.com,1956-06-16,58079023,Heidi,Bolton,True,bolton980d3
333,Daniel Lewis,Daniel_Lewis@robertson.com,1977-05-02,48084439,Daniel,Lewis,True,lewis6d9cf
334,Dale Ramirez,Dale_Ramirez@patton.com,1955-03-23,59875791,Dale,Ramirez,True,ramirez7d868
335,Carol Sharp,Carol_Sharp@garcia-lamb.com,1975-12-03,18014567,Carol,Sharp,True,sharp1bc33
336,Joseph Buck,Joseph_Buck@jacobs.com,1952-11-03,34270063,Joseph,Buck,True,buck32e86
337,Lynn Anderson,Lynn_Anderson@williams-carter.com,1996-01-13,75488911,Lynn,Anderson,True,anderson6cd1b
338,Sarah Harris,Sarah_Harris@thomas-sanchez.com,2001-05-30,52442775,Sarah,Harris,True,harris00251
339,Victor Owens,Victor_Owens@collins.com,1996-08-15,53064383,Victor,Owens,True,owensded35
340,Kimberly Koch,Kimberly_Koch@rodriguez.net,1987-01-25,35893839,Kimberly,Koch,True,kochb127b
341,Allison Obrien,Allison_Obrien@bailey-sanders.com,1962-04-23,81154631,Allison,Obrien,True,obrienc870b
342,John Rogers,John_Rogers@oneill.com,1971-05-09,21046575,John,Rogers,True,rogersb6528
343,Janet Collins,Janet_Collins@farrell.com,1984-07-21,89424095,Janet,Collins,True,collins6562d
344,Kristin Lawson,Kristin_Lawson@salinas.com,1976-11-01,36661711,Kristin,Lawson,True,lawsona865e
345,James Castaneda,James_Castaneda@miller-hart.com,1964-01-26,64715807,James,Castaneda,True,castanedae69de
346,Robert Ortiz,Robert_Ortiz@saunders-hunter.com,1976-08-11,80296223,Robert,Ortiz,True,ortiz96c03
347,Connie Harper,Connie_Harper@lewis.com,1995-06-27,21369119,Connie,Harper,True,harpercd277
348,Debbie Burns,Debbie_Burns@salinas.com,1983-06-08,95570935,Debbie,Burns,True,burns91d53
349,Gabriel Preston,Gabriel_Preston@black.com,1996-11-20,88336263,Gabriel,Preston,True,prestonefe54
350,Brandon Orozco,Brandon_Orozco@greene.com,1987-07-17,59988495,Brandon,Orozco,True,orozcoccfca
351,Kari Nguyen,Kari_Nguyen@farley.com,1999-11-19,47980591,Kari,Nguyen,True,nguyen018ce
352,Brittany Hill,Brittany_Hill@rogers-hoffman.com,1987-05-06,90817791,Brittany,Hill,True,hill3f89d
353,Carrie Martinez,Carrie_Martinez@hendrix.com,1974-01-24,96107743,Carrie,Martinez,True,martinez3793d
354,Linda White,Linda_White@moore.com,1975-10-15,84876711,Linda,White,True,white8e35e
355,Jake Spencer,Jake_Spencer@murphy.com,2002-09-05,53533879,Jake,Spencer,True,spencer0e498
356,Joseph Chan,Joseph_Chan@hutchinson-gutierrez.com,1966-09-22,19544079,Joseph,Chan,True,chan36717
357,Kathleen Ali,Kathleen_Ali@horn-rogers.com,1996-02-06,45338687,Kathleen,Ali,True,alicbd0d
358,Danielle Stephens,Danielle_Stephens@miller.net,1961-09-29,16838823,Danielle,Stephens,True,stephensf4246
359,Brianna Schaefer,Brianna_Schaefer@nelson-mcmahon.com,1976-03-12,34700887,Brianna,Schaefer,True,schaefer191ed
360,Angela Morris,Angela_Morris@murray.com,1976-02-07,89409391,Angela,Morris,True,morris152ba
361,Jessica Smith,Jessica_Smith@walsh-steele.com,1951-05-31,97984639,Jessica,Smith,True,smithfaa4b
362,Brenda Long,Brenda_Long@carter.net,1951-09-14,45992583,Brenda,Long,True,long8b256
363,Megan Taylor,Megan_Taylor@montgomery.com,1993-10-05,12610975,Megan,Taylor,True,taylorab814
364,Kelly Morales,Kelly_Morales@sanchez.com,1980-02-27,44799815,Kelly,Morales,True,morales76554
365,Sheri Johnson,Sheri_Johnson@lucas.com,1988-04-22,34118127,Sheri,Johnson,True,johnson2943c
366,Lori Pacheco,Lori_Pacheco@ayala.com,1962-06-30,94662495,Lori,Pacheco,True,pachecob692c
367,Sandra Schmidt,Sandra_Schmidt@herrera.com,1959-11-07,50638143,Sandra,Schmidt,True,schmidt067ad
368,Ms. Rachel Hill,Rachel_Hill@gutierrez.com,1954-02-12,55824367,Rachel,Hill,True,hill7bbf3
369,Emily Case,Emily_Case@lewis.com,1985-08-05,90216215,Emily,Case,True,case957f8
370,Seth Alvarez,Seth_Alvarez@conrad.com,1980-08-01,90929927,Seth,Alvarez,True,alvarez80b4f
371,Jose Reyes,Jose_Reyes@garcia.com,1970-09-29,94563263,Jose,Reyes,True,reyesae167
372,Zachary Le,Zachary_Le@whitaker.com,1985-10-28,56441999,Zachary,Le,True,le929ed
373,Rhonda Anthony,Rhonda_Anthony@lawson.com,1974-09-15,12850551,Rhonda,Anthony,True,anthonyab669
374,Joseph Hill,Joseph_Hill@rodriguez-newton.com,2002-09-23,89902687,Joseph,Hill,True,hille948f
375,Erin Davis,Erin_Davis@sanchez.net,1960-09-17,22992863,Erin,Davis,True,davis1a361
376,Lucas Brown,Lucas_Brown@miller.com,1989-01-11,34675679,Lucas,Brown,True,brown70329
377,William Garcia,William_Garcia@powell.com,1985-12-09,25729991,William,Garcia,True,garcia57764
378,Lauren Swanson,Lauren_Swanson@pena-pierce.com,1961-09-21,85204407,Lauren,Swanson,True,swansona7b9b
379,John Frank,John_Frank@martin.com,1950-05-19,42691023,John,Frank,True,frank9747f
380,Nicole Schmidt,Nicole_Schmidt@stephens.com,1965-09-11,86157423,Nicole,Schmidt,True,schmidtf6bb3
381,Nathan Gray,Nathan_Gray@scott-gonzalez.com,1996-06-18,48983767,Nathan,Gray,True,gray3a4a2
382,Nichole Delgado,Nichole_Delgado@dixon-cruz.com,1972-05-03,60338223,Nichole,Delgado,True,delgadoa1228
383,Marcus Rodriguez,Marcus_Rodriguez@jones.com,1969-11-05,23424599,Marcus,Rodriguez,True,rodriguez74393
384,Samuel Solomon,Samuel_Solomon@wolf.net,1987-12-30,26166751,Samuel,Solomon,True,solomon086ea
385,Katrina Miller,Katrina_Miller@grimes.com,1954-08-03,81240247,Katrina,Miller,True,millerfe63b
386,Raymond Conner,Raymond_Conner@oneal-johnson.com,1997-01-28,95736583,Raymond,Conner,True,conner5ef11
387,Lori Fuller,Lori_Fuller@gordon.com,1968-01-01,54288255,Lori,Fuller,True,fuller87972
388,Corey Wilson,Corey_Wilson@hoover-hernandez.com,1953-11-10,39467535,Corey,Wilson,True,wilsona02d2
389,Holly James,Holly_James@macdonald.com,1964-04-11,62732175,Holly,James,True,jamesd0001
390,Alicia Mccarty,Alicia_Mccarty@beasley.com,1982-09-16,57669519,Alicia,Mccarty,True,mccartya0f1d
391,Zoe Christian,Zoe_Christian@grant.com,1999-03-19,22170983,Zoe,Christian,True,christian96f87
392,Nicholas Watson,Nicholas_Watson@williams.com,1962-03-04,72181751,Nicholas,Watson,True,watson73ca7
393,Victoria Wood,Victoria_Wood@proctor-baker.com,1991-06-22,13955959,Victoria,Wood,True,wood8ba7d
394,Jillian Knight,Jillian_Knight@davenport.com,1988-08-11,20417711,Jillian,Knight,True,knight6922a
395,Ryan Fisher,Ryan_Fisher@fletcher.com,1987-10-30,63505855,Ryan,Fisher,True,fisher8b35a
396,Stephanie Howe,Stephanie_Howe@allen.com,1963-05-09,37283343,Stephanie,Howe,True,howe21c54
397,Kenneth Kim,Kenneth_Kim@duran.com,1999-05-05,37818767,Kenneth,Kim,True,kim02160
398,Andrew Macias,Andrew_Macias@douglas.com,1966-10-13,28232535,Andrew,Macias,True,maciasa0ebb
399,Elizabeth Huffman,Elizabeth_Huffman@zamora.com,1958-09-18,15486151,Elizabeth,Huffman,True,huffman78837
400,Christina Stone,Christina_Stone@medina.com,1993-03-20,34449775,Christina,Stone,True,stone8866a
401,Alexander Merritt,Alexander_Merritt@butler.net,1980-09-13,33574735,Alexander,Merritt,True,merrittc2a8c
402,Kelly Sanders,Kelly_Sanders@coleman.com,1952-04-13,29703695,Kelly,Sanders,True,sanders194ab
403,Matthew Jones,Matthew_Jones@arnold.com,2000-06-15,98616991,Matthew,Jones,True,jones83c87
404,Sarah David,Sarah_David@collier.net,1998-12-16,97218247,Sarah,David,True,davida7b54
405,Carmen Barajas,Carmen_Barajas@smith.com,1981-05-26,34685455,Carmen,Barajas,True,barajasfe39b
406,Angela Johnson,Angela_Johnson@stewart.com,1984-08-27,62439103,Angela,Johnson,True,johnson10c6a
407,Melissa Sparks,Melissa_Sparks@sanchez-stevenson.com,1993-02-08,27530863,Melissa,Sparks,True,sparks70706
408,Katherine Hill,Katherine_Hill@tran.com,1983-09-18,37709951,Katherine,Hill,True,hill34ddd
409,Kristin Hart,Kristin_Hart@ortega.com,1966-12-17,36255543,Kristin,Hart,True,hartd6b90
410,Jacqueline Ho,Jacqueline_Ho@henry.com,1961-01-31,75359367,Jacqueline,Ho,True,ho4d074
411,Michael Knight,Michael_Knight@davidson.com,1987-08-04,71412263,Michael,Knight,True,knight05cf8
412,Heather Arroyo,Heather_Arroyo@martinez.com,1979-09-07,36165719,Heather,Arroyo,True,arroyodd1d1
413,Lori Larson,Lori_Larson@flowers.com,1963-07-08,38397103,Lori,Larson,True,larson16862
414,David Vazquez,David_Vazquez@davila-beck.com,1990-12-06,57160871,David,Vazquez,True,vazquezdf62f
415,Sherry Hicks,Sherry_Hicks@stout-nicholson.com,1961-11-27,12514111,Sherry,Hicks,True,hicks99220
416,Sarah Davila,Sarah_Davila@nash.com,1979-06-09,46685303,Sarah,Davila,True,davilacd8b4
417,Karen Oneill,Karen_Oneill@gomez.com,1992-04-10,72265879,Karen,Oneill,True,oneill981e3
418,Nicholas Mills,Nicholas_Mills@williams.com,1963-01-10,68844231,Nicholas,Mills,True,millsd140d
419,Jennifer Montgomery,Jennifer_Montgomery@estrada-cole.com,1971-07-15,53834071,Jennifer,Montgomery,True,montgomery838bf
420,Cynthia Bailey,Cynthia_Bailey@oneill.com,1979-08-25,48942719,Cynthia,Bailey,True,bailey15744
421,John Wright,John_Wright@harris.com,1983-10-19,96650335,John,Wright,True,wright14204
422,Sheila Brown,Sheila_Brown@stevens-edwards.com,1982-11-28,32490999,Sheila,Brown,True,brown223db
423,Lisa Moore,Lisa_Moore@ramos.com,1994-11-19,99493567,Lisa,Moore,True,moore0b555
424,Julian Newman,Julian_Newman@haynes.com,1958-03-13,49873159,Julian,Newman,True,newmane448e
425,Thomas Ferguson,Thomas_Ferguson@guzman.com,1959-12-13,28787319,Thomas,Ferguson,True,fergusoncd33a
426,Lauren Rodriguez,Lauren_Rodriguez@soto.com,1993-10-16,27106623,Lauren,Rodriguez,True,rodriguez3f130
427,Richard Anderson,Richard_Anderson@white.com,1958-07-06,66751511,Richard,Anderson,True,andersondf533
428,Jessica Lee,Jessica_Lee@brown-baxter.com,1967-01-24,89410823,Jessica,Lee,True,lee3029a
429,Martin Allen,Martin_Allen@steele.com,2002-09-24,99969439,Martin,Allen,True,allenc52b6
430,Angela Mitchell,Angela_Mitchell@moreno-evans.com,1969-05-01,50190223,Angela,Mitchell,True,mitchell3aad8
431,Derrick Sanchez,Derrick_Sanchez@mitchell.com,1970-04-24,97980535,Derrick,Sanchez,True,sanchezd9459
432,Christine Ellis,Christine_Ellis@blackwell.com,1998-06-17,69393823,Christine,Ellis,True,ellis94b8f
433,Alyssa Salinas,Alyssa_Salinas@robbins.com,1998-10-07,41363847,Alyssa,Salinas,True,salinas92733
434,Mr. Kevin Walsh,Kevin_Walsh@hamilton.net,1992-05-08,63251375,Kevin,Walsh,True,walsh09428
435,Kenneth Knox,Kenneth_Knox@zamora.com,1999-06-26,47904991,Kenneth,Knox,True,knox2a2f6
436,Steve Mitchell,Steve_Mitchell@adkins-russell.com,1975-10-27,98789479,Steve,Mitchell,True,mitchellb3328
437,Craig Hendricks,Craig_Hendricks@garcia-higgins.com,1995-10-18,51721063,Craig,Hendricks,True,hendrickseab04
438,Ricky Kerr,Ricky_Kerr@gonzalez-martinez.com,1951-06-25,43238807,Ricky,Kerr,True,kerr610bb
439,Gloria Aguilar,Gloria_Aguilar@dorsey-donaldson.com,1969-06-06,69773231,Gloria,Aguilar,True,aguilar56235
440,Alexander Knight,Alexander_Knight@doyle.com,1974-12-08,41639975,Alexander,Knight,True,knighteb3f8
441,Joseph Cross,Joseph_Cross@mason-shaw.net,1953-01-26,35750023,Joseph,Cross,True,cross32fee
442,Dr. Joel Myers PhD,Joel_Myers@smith-willis.net,1972-09-20,49665991,Joel,Myers,True,myers1f96f
443,Michael Mckee,Michael_Mckee@gordon.com,2000-09-17,87409327,Michael,Mckee,True,mckee4b93b
444,Roy Park,Roy_Park@rodriguez-west.com,1955-10-29,69451423,Roy,Park,True,parkfe78f
445,Jonathan Castro,Jonathan_Castro@sandoval.com,1970-09-04,95059239,Jonathan,Castro,True,castro0ebd1
446,Richard Carroll,Richard_Carroll@massey-gardner.com,1961-05-26,61422551,Richard,Carroll,True,carrollf524a
447,Michelle Fletcher,Michelle_Fletcher@anderson.com,1983-10-24,15665159,Michelle,Fletcher,True,fletcher5e831
448,Carol Murphy,Carol_Murphy@lowe.com,1964-03-17,54241135,Carol,Murphy,True,murphyeb3e5
449,Michael Russell,Michael_Russell@orozco.com,1968-08-03,24280095,Michael,Russell,True,russell5ea3c
450,Shawna Andrews,Shawna_Andrews@freeman.com,1998-11-15,12022295,Shawna,Andrews,True,andrews784bc
451,Dana Hernandez,Dana_Hernandez@jackson.com,1994-01-26,50236391,Dana,Hernandez,True,hernandezcb40a
452,Lauren Harris,Lauren_Harris@long.com,1978-11-08,42605007,Lauren,Harris,True,harris70258
453,Sean Morales,Sean_Morales@molina.com,2003-09-20,50605207,Sean,Morales,True,morales9aa23
454,John Mendoza,John_Mendoza@mahoney.com,1985-05-19,85845135,John,Mendoza,True,mendoza67320
455,Sierra Mcdaniel,Sierra_Mcdaniel@mata.com,2003-07-13,77274903,Sierra,Mcdaniel,True,mcdaniel3b48f
456,Wendy Smith,Wendy_Smith@smith-webb.com,1970-01-28,60349279,Wendy,Smith,True,smithf9db0
457,Leslie Diaz,Leslie_Diaz@thomas-shelton.com,1957-04-30,57506727,Leslie,Diaz,True,diaz0ffda
458,Grant Snyder,Grant_Snyder@gonzales.com,1973-10-31,23872143,Grant,Snyder,True,snyderb77a9
459,Brandi Jenkins,Brandi_Jenkins@miller.com,1965-12-28,79308567,Brandi,Jenkins,True,jenkins40c32
460,Amy Haynes,Amy_Haynes@levy.com,1960-03-14,41563455,Amy,Haynes,True,haynes43c86
461,John Roberts,John_Roberts@hendricks.com,1954-03-15,16513279,John,Roberts,True,roberts662ca
462,Carrie Nelson,Carrie_Nelson@archer-murphy.com,1951-09-06,49242255,Carrie,Nelson,True,nelsoneea39
463,Jacob Hood,Jacob_Hood@evans.com,1956-08-02,24204143,Jacob,Hood,True,hoodbb5ce
464,Tracy Charles,Tracy_Charles@rowe.com,1993-08-11,62200511,Tracy,Charles,True,charles920a1
465,Brandon Johnson,Brandon_Johnson@ramirez.com,1985-03-10,60862935,Brandon,Johnson,True,johnson58188
466,Wendy Nelson,Wendy_Nelson@day.com,1965-08-01,59119063,Wendy,Nelson,True,nelson18d7d
467,Jasmine Ramsey,Jasmine_Ramsey@jackson.com,1950-07-04,16447279,Jasmine,Ramsey,True,ramsey7e907
468,William Beltran,William_Beltran@bean.com,1985-03-13,16495975,William,Beltran,True,beltran50eaf
469,Gerald Stuart,Gerald_Stuart@strong.net,1995-10-08,98421991,Gerald,Stuart,True,stuartbc2db
470,Jacob Vaughan,Jacob_Vaughan@martinez.com,1983-08-09,69615007,Jacob,Vaughan,True,vaughan558a4
471,Matthew Fuentes,Matthew_Fuentes@miranda.com,1966-03-29,33411447,Matthew,Fuentes,True,fuentes77048
472,April Carpenter,April_Carpenter@page.com,1971-09-29,97274415,April,Carpenter,True,carpenterb9b06
473,Rachel Garcia,Rachel_Garcia@neal.com,1996-10-21,87786127,Rachel,Garcia,True,garciade08f
474,Patrick Madden,Patrick_Madden@sanders.com,1994-01-11,35389647,Patrick,Madden,True,maddenc3c68
475,Angela Myers,Angela_Myers@rodriguez.com,1974-01-26,59457063,Angela,Myers,True,myers6ed47
476,Wayne Baker,Wayne_Baker@brown.com,1967-12-27,92067207,Wayne,Baker,True,baker2fb96
477,Haley Cox,Haley_Cox@lewis.com,1964-01-10,27911351,Haley,Cox,True,cox31354
478,Dan Sanders,Dan_Sanders@klein-hernandez.com,1950-08-13,30043759,Dan,Sanders,True,sandersf2b57
479,Thomas Fisher,Thomas_Fisher@phillips.com,1985-04-15,99090999,Thomas,Fisher,True,fisherc9b96
480,Taylor Lopez,Taylor_Lopez@jones-salazar.com,1957-05-22,17889439,Taylor,Lopez,True,lopez753f3
481,Jeffrey Macias,Jeffrey_Macias@cox.com,1990-10-03,98485783,Jeffrey,Macias,True,maciasce799
482,Brian Drake,Brian_Drake@hurst-price.net,1962-02-11,83466007,Brian,Drake,True,drake7eb8f
483,Timothy Jordan,Timothy_Jordan@young.com,1999-12-28,77411263,Timothy,Jordan,True,jordan5a430
484,Kathy Leblanc,Kathy_Leblanc@warren-gray.com,1981-02-27,69067343,Kathy,Leblanc,True,leblanc9c228
485,William Floyd,William_Floyd@duran.com,1972-07-13,27758191,William,Floyd,True,floydecece
486,Angela Hayden,Angela_Hayden@barry.net,1996-06-23,28574351,Angela,Hayden,True,hayden29239
487,Renee Hodges,Renee_Hodges@hamilton.com,1987-12-28,63899519,Renee,Hodges,True,hodges2f03e
488,Samantha Miller,Samantha_Miller@mcmahon.com,1965-06-04,41451647,Samantha,Miller,True,miller67e82
489,Lauren Orozco,Lauren_Orozco@sanchez.com,2000-01-26,71540231,Lauren,Orozco,True,orozco92a5b
490,April Owen,April_Owen@sanchez.com,1967-09-23,16552967,April,Owen,True,owencf433
491,Mr. Evan Russell,Evan_Russell@ferguson.net,1959-01-20,75209343,Evan,Russell,True,russell1f680
492,Brent Castaneda,Brent_Castaneda@garcia.com,1958-07-03,80875871,Brent,Castaneda,True,castanedac899b
493,Gregory Peters,Gregory_Peters@ray.net,1990-02-09,78256247,Gregory,Peters,True,peters22ea7
494,Matthew Salazar,Matthew_Salazar@jones-jones.com,1999-11-12,50895327,Matthew,Salazar,True,salazar37302
495,Natasha Martinez,Natasha_Martinez@west.com,1968-04-18,55194439,Natasha,Martinez,True,martinez1a353
496,Charles Powell,Charles_Powell@knight.com,1997-06-09,47215879,Charles,Powell,True,powelle1a56
497,Brian Powell,Brian_Powell@hernandez.com,1959-11-15,67153775,Brian,Powell,True,powellce829
498,Laura Sandoval,Laura_Sandoval@brown.com,1986-09-13,17475623,Laura,Sandoval,True,sandovalf6102
499,Mr. Charles Gonzalez,Charles_Gonzalez@navarro.com,1971-04-04,94465511,Charles,Gonzalez,True,gonzalezb3415
500,Nicholas Caldwell,Nicholas_Caldwell@hurley-bass.com,1977-07-14,42525999,Nicholas,Caldwell,True,caldwellda3ef
501,Brian Wyatt,Brian_Wyatt@wright-young.com,1958-11-12,63631399,Brian,Wyatt,True,wyatt8b0a1
502,Ryan Garcia,Ryan_Garcia@vazquez-wells.com,1993-08-15,26856535,Ryan,Garcia,True,garcia7bc12
503,Megan Anderson,Megan_Anderson@wilson-murillo.com,1970-07-29,21736903,Megan,Anderson,True,anderson6c99f
504,Pamela Hughes,Pamela_Hughes@charles-costa.com,1987-06-13,40181295,Pamela,Hughes,True,hughes7c917
505,Tiffany Scott,Tiffany_Scott@davis.com,1986-10-11,76272207,Tiffany,Scott,True,scott861e8
506,Stanley Conway,Stanley_Conway@adams.com,1985-05-09,71853567,Stanley,Conway,True,conwaye4a7f
507,Yolanda Petty,Yolanda_Petty@dunlap-brown.com,1991-01-25,69674519,Yolanda,Petty,True,petty92435
508,Tara Jones,Tara_Jones@blankenship.net,1985-03-03,49275455,Tara,Jones,True,jonesb4a10
509,George Williams,George_Williams@patton.com,1981-03-19,69991287,George,Williams,True,williams3c376
510,Lori Allen,Lori_Allen@valdez-phillips.com,2002-09-16,28175727,Lori,Allen,True,allen94570
511,Charles Kelly,Charles_Kelly@dalton.com,1969-01-04,62777351,Charles,Kelly,True,kellyc003c
512,Jonathan Villa,Jonathan_Villa@suarez.com,1975-03-12,80471287,Jonathan,Villa,True,villab87f7
513,Cindy Jackson,Cindy_Jackson@garcia-burch.com,1967-07-27,60954247,Cindy,Jackson,True,jackson7ed9f
514,Scott Williams,Scott_Williams@keller-wong.com,1980-08-03,85799255,Scott,Williams,True,williams3ee43
515,Dylan Hernandez,Dylan_Hernandez@singleton-johnson.com,1995-01-03,31405951,Dylan,Hernandez,True,hernandez6e62f
516,Michelle Garcia,Michelle_Garcia@lynch.com,1980-10-17,52895823,Michelle,Garcia,True,garcia11d8d
517,Matthew Bailey,Matthew_Bailey@benjamin.com,1987-07-28,39436023,Matthew,Bailey,True,baileyb6c9e
518,Curtis Flynn,Curtis_Flynn@cook-drake.com,1978-09-26,58787463,Curtis,Flynn,True,flynn07710
519,Thomas Perez,Thomas_Perez@greene-lopez.com,1963-02-20,96377439,Thomas,Perez,True,perezdc096
520,Sheri Kline,Sheri_Kline@hinton.com,1994-09-06,33546343,Sheri,Kline,True,kline21743
521,Mr. Jeff Baker,Jeff_Baker@bentley.com,1967-04-24,57871767,Jeff,Baker,True,bakerfd452
522,Shannon Thomas,Shannon_Thomas@dawson-alexander.com,1968-03-09,18892279,Shannon,Thomas,True,thomas1d274
523,Jeffrey Murray,Jeffrey_Murray@jones.net,1982-12-21,27473887,Jeffrey,Murray,True,murrayb26a5
524,Kristin Wagner,Kristin_Wagner@clayton.com,1997-01-29,66045343,Kristin,Wagner,True,wagner96a80
525,Nicole Shea,Nicole_Shea@mcclure.com,1956-02-01,28795599,Nicole,Shea,True,shea0e04a
